<?xml version="1.0" encoding="UTF-8"?>
<project-private xmlns="http://www.netbeans.org/ns/project-private/1">
    <editor-bookmarks xmlns="http://www.netbeans.org/ns/editor-bookmarks/2" lastBookmarkId="0"/>
    <open-files xmlns="http://www.netbeans.org/ns/projectui-open-files/2">
        <group>
            <file>file:/C:/Users/153732/Desktop/NetBeansProjects/PixLab2/src/PictureExplorer.java</file>
            <file>file:/C:/Users/153732/Desktop/NetBeansProjects/PixLab2/src/PictureTester.java</file>
            <file>file:/C:/Users/153732/Desktop/NetBeansProjects/PixLab2/build/images/CumberlandIsland.jpg</file>
            <file>file:/C:/Users/153732/Desktop/NetBeansProjects/PixLab2/src/Picture.java</file>
            <file>file:/C:/Users/153732/Desktop/NetBeansProjects/PixLab2/src/IntArrayWorkerTester.java</file>
            <file>file:/C:/Users/153732/Desktop/NetBeansProjects/PixLab2/src/IntArrayWorker.java</file>
            <file>file:/C:/Users/153732/Desktop/NetBeansProjects/PixLab2/src/DigitalPicture.java</file>
        </group>
    </open-files>
</project-private>
