<?xml version="1.0" encoding="UTF-8"?>
<project-private xmlns="http://www.netbeans.org/ns/project-private/1">
    <editor-bookmarks xmlns="http://www.netbeans.org/ns/editor-bookmarks/2" lastBookmarkId="0"/>
    <open-files xmlns="http://www.netbeans.org/ns/projectui-open-files/2">
        <group>
            <file>file://Fisd-student1/hs/HHS/153732/Documents/NetBeansProjects/Programming%20Gaming%20Novices%202B%20v2/src/InfoState.java</file>
            <file>file://Fisd-student1/hs/HHS/153732/Documents/NetBeansProjects/Programming%20Gaming%20Novices%202B%20v2/Resources/Stages/Stage2.lvl</file>
            <file>file://Fisd-student1/hs/HHS/153732/Documents/NetBeansProjects/Programming%20Gaming%20Novices%202B%20v2/src/ItemManager.java</file>
            <file>file://Fisd-student1/hs/HHS/153732/Documents/NetBeansProjects/Programming%20Gaming%20Novices%202B%20v2/Resources/Textures/Info%207.png</file>
            <file>file://Fisd-student1/hs/HHS/153732/Documents/NetBeansProjects/Programming%20Gaming%20Novices%202B%20v2/src/KeyManager.java</file>
            <file>file://Fisd-student1/hs/HHS/153732/Documents/NetBeansProjects/Programming%20Gaming%20Novices%202B%20v2/Resources/Textures/Player%20Animations.png</file>
            <file>file://Fisd-student1/hs/HHS/153732/Documents/NetBeansProjects/Programming%20Gaming%20Novices%202B%20v2/src/TileCliffUp.java</file>
            <file>file://Fisd-student1/hs/HHS/153732/Documents/NetBeansProjects/Programming%20Gaming%20Novices%202B%20v2/src/TileWater.java</file>
            <file>file://Fisd-student1/hs/HHS/153732/Documents/NetBeansProjects/Programming%20Gaming%20Novices%202B%20v2/build.xml</file>
            <file>file://Fisd-student1/hs/HHS/153732/Documents/NetBeansProjects/Programming%20Gaming%20Novices%202B%20v2/Resources/Stages/Stage1.lvl</file>
            <file>file://Fisd-student1/hs/HHS/153732/Documents/NetBeansProjects/Programming%20Gaming%20Novices%202B%20v2/Resources/Textures/Info%208.png</file>
            <file>file://Fisd-student1/hs/HHS/153732/Documents/NetBeansProjects/Programming%20Gaming%20Novices%202B%20v2/src/AntTile.java</file>
            <file>file://Fisd-student1/hs/HHS/153732/Documents/NetBeansProjects/Programming%20Gaming%20Novices%202B%20v2/src/Fly.java</file>
            <file>file://Fisd-student1/hs/HHS/153732/Documents/NetBeansProjects/Programming%20Gaming%20Novices%202B%20v2/src/MouseManager.java</file>
            <file>file://Fisd-student1/hs/HHS/153732/Documents/NetBeansProjects/Programming%20Gaming%20Novices%202B%20v2/Resources/Textures/Arrow%20Sprites.png</file>
            <file>file://Fisd-student1/hs/HHS/153732/Documents/NetBeansProjects/Programming%20Gaming%20Novices%202B%20v2/Resources/Textures/Info%205.png</file>
            <file>file://Fisd-student1/hs/HHS/153732/Documents/NetBeansProjects/Programming%20Gaming%20Novices%202B%20v2/src/EntityStatic.java</file>
            <file>file://Fisd-student1/hs/HHS/153732/Documents/NetBeansProjects/Programming%20Gaming%20Novices%202B%20v2/Resources/Textures/Pixel%20heart.png</file>
            <file>file://Fisd-student1/hs/HHS/153732/Documents/NetBeansProjects/Programming%20Gaming%20Novices%202B%20v2/Resources/Textures/Ant%20spritesheet.png</file>
            <file>file://Fisd-student1/hs/HHS/153732/Documents/NetBeansProjects/Programming%20Gaming%20Novices%202B%20v2/src/Text_1.java</file>
            <file>file://Fisd-student1/hs/HHS/153732/Documents/NetBeansProjects/Programming%20Gaming%20Novices%202B%20v2/src/Animation.java</file>
            <file>file://Fisd-student1/hs/HHS/153732/Documents/NetBeansProjects/Programming%20Gaming%20Novices%202B%20v2/src/TileShallowWater.java</file>
            <file>file://Fisd-student1/hs/HHS/153732/Documents/NetBeansProjects/Programming%20Gaming%20Novices%202B%20v2/src/TileWoodBridgeDown.java</file>
            <file>file://Fisd-student1/hs/HHS/153732/Documents/NetBeansProjects/Programming%20Gaming%20Novices%202B%20v2/src/Tree.java</file>
            <file>file://Fisd-student1/hs/HHS/153732/Documents/NetBeansProjects/Programming%20Gaming%20Novices%202B%20v2/src/TileCliffDown.java</file>
            <file>file://Fisd-student1/hs/HHS/153732/Documents/NetBeansProjects/Programming%20Gaming%20Novices%202B%20v2/Resources/Stages/Stage3.lvl</file>
            <file>file://Fisd-student1/hs/HHS/153732/Documents/NetBeansProjects/Programming%20Gaming%20Novices%202B%20v2/src/ImageLoader.java</file>
            <file>file://Fisd-student1/hs/HHS/153732/Documents/NetBeansProjects/Programming%20Gaming%20Novices%202B%20v2/src/TileWoodBridgeUp.java</file>
            <file>file://Fisd-student1/hs/HHS/153732/Documents/NetBeansProjects/Programming%20Gaming%20Novices%202B%20v2/Resources/Textures/Info%206.png</file>
            <file>file://Fisd-student1/hs/HHS/153732/Documents/NetBeansProjects/Programming%20Gaming%20Novices%202B%20v2/src/State.java</file>
            <file>file://Fisd-student1/hs/HHS/153732/Documents/NetBeansProjects/Programming%20Gaming%20Novices%202B%20v2/src/TileCliffLeft.java</file>
            <file>file://Fisd-student1/hs/HHS/153732/Documents/NetBeansProjects/Programming%20Gaming%20Novices%202B%20v2/src/Ladybird.java</file>
            <file>file://Fisd-student1/hs/HHS/153732/Documents/NetBeansProjects/Programming%20Gaming%20Novices%202B%20v2/src/Stage.java</file>
            <file>file://Fisd-student1/hs/HHS/153732/Documents/NetBeansProjects/Programming%20Gaming%20Novices%202B%20v2/src/DirtTile.java</file>
            <file>file://Fisd-student1/hs/HHS/153732/Documents/NetBeansProjects/Programming%20Gaming%20Novices%202B%20v2/Resources/Textures/Enemy%20Spritesheet.png</file>
            <file>file://Fisd-student1/hs/HHS/153732/Documents/NetBeansProjects/Programming%20Gaming%20Novices%202B%20v2/Resources/Textures/Game%20Over%20Screen%20Beta.png</file>
            <file>file://Fisd-student1/hs/HHS/153732/Documents/NetBeansProjects/Programming%20Gaming%20Novices%202B%20v2/src/ClickListener.java</file>
            <file>file://Fisd-student1/hs/HHS/153732/Documents/NetBeansProjects/Programming%20Gaming%20Novices%202B%20v2/src/GameState.java</file>
            <file>file://Fisd-student1/hs/HHS/153732/Documents/NetBeansProjects/Programming%20Gaming%20Novices%202B%20v2/src/Inventory.java</file>
            <file>file://Fisd-student1/hs/HHS/153732/Documents/NetBeansProjects/Programming%20Gaming%20Novices%202B%20v2/Resources/Stages/StageNN1.lvl</file>
            <file>file://Fisd-student1/hs/HHS/153732/Documents/NetBeansProjects/Programming%20Gaming%20Novices%202B%20v2/Resources/Stages/Antol%20Field.lvl</file>
            <file>file://Fisd-student1/hs/HHS/153732/Documents/NetBeansProjects/Programming%20Gaming%20Novices%202B%20v2/Resources/Textures/Inventory%20Icons.png</file>
            <file>file://Fisd-student1/hs/HHS/153732/Documents/NetBeansProjects/Programming%20Gaming%20Novices%202B%20v2/src/Assets.java</file>
            <file>file://Fisd-student1/hs/HHS/153732/Documents/NetBeansProjects/Programming%20Gaming%20Novices%202B%20v2/Resources/Textures/Snow%20Town.png</file>
            <file>file://Fisd-student1/hs/HHS/153732/Documents/NetBeansProjects/Programming%20Gaming%20Novices%202B%20v2/src/TileWoodBridge.java</file>
            <file>file://Fisd-student1/hs/HHS/153732/Documents/NetBeansProjects/Programming%20Gaming%20Novices%202B%20v2/src/TileCliffRight.java</file>
            <file>file://Fisd-student1/hs/HHS/153732/Documents/NetBeansProjects/Programming%20Gaming%20Novices%202B%20v2/Resources/Textures/Info%203.png</file>
            <file>file://Fisd-student1/hs/HHS/153732/Documents/NetBeansProjects/Programming%20Gaming%20Novices%202B%20v2/src/TileCaveOpening.java</file>
            <file>file://Fisd-student1/hs/HHS/153732/Documents/NetBeansProjects/Programming%20Gaming%20Novices%202B%20v2/Resources/Textures/Heart%20Sprites.png</file>
            <file>file://Fisd-student1/hs/HHS/153732/Documents/NetBeansProjects/Programming%20Gaming%20Novices%202B%20v2/src/EntityManager.java</file>
            <file>file://Fisd-student1/hs/HHS/153732/Documents/NetBeansProjects/Programming%20Gaming%20Novices%202B%20v2/Resources/Stages/Stage6.lvl</file>
            <file>file://Fisd-student1/hs/HHS/153732/Documents/NetBeansProjects/Programming%20Gaming%20Novices%202B%20v2/Resources/Stages/North%20Prithvi%20Plains.lvl</file>
            <file>file://Fisd-student1/hs/HHS/153732/Documents/NetBeansProjects/Programming%20Gaming%20Novices%202B%20v2/src/Entity.java</file>
            <file>file://Fisd-student1/hs/HHS/153732/Documents/NetBeansProjects/Programming%20Gaming%20Novices%202B%20v2/src/TileTree.java</file>
            <file>file://Fisd-student1/hs/HHS/153732/Documents/NetBeansProjects/Programming%20Gaming%20Novices%202B%20v2/src/SnowBig.java</file>
            <file>file://Fisd-student1/hs/HHS/153732/Documents/NetBeansProjects/Programming%20Gaming%20Novices%202B%20v2/src/Rock.java</file>
            <file>file://Fisd-student1/hs/HHS/153732/Documents/NetBeansProjects/Programming%20Gaming%20Novices%202B%20v2/src/GrassTile.java</file>
            <file>file://Fisd-student1/hs/HHS/153732/Documents/NetBeansProjects/Programming%20Gaming%20Novices%202B%20v2/Resources/Stages/Prithvi%20Highlands.lvl</file>
            <file>file://Fisd-student1/hs/HHS/153732/Documents/NetBeansProjects/Programming%20Gaming%20Novices%202B%20v2/Resources/Stages/South%20Prithvi%20Plains.lvl</file>
            <file>file://Fisd-student1/hs/HHS/153732/Documents/NetBeansProjects/Programming%20Gaming%20Novices%202B%20v2/Resources/Textures/Info%204.png</file>
            <file>file://Fisd-student1/hs/HHS/153732/Documents/NetBeansProjects/Programming%20Gaming%20Novices%202B%20v2/src/Mosquito.java</file>
            <file>file://Fisd-student1/hs/HHS/153732/Documents/NetBeansProjects/Programming%20Gaming%20Novices%202B%20v2/src/Launcher.java</file>
            <file>file://Fisd-student1/hs/HHS/153732/Documents/NetBeansProjects/Programming%20Gaming%20Novices%202B%20v2/src/Character.java</file>
            <file>file://Fisd-student1/hs/HHS/153732/Documents/NetBeansProjects/Programming%20Gaming%20Novices%202B%20v2/src/Beetle.java</file>
            <file>file://Fisd-student1/hs/HHS/153732/Documents/NetBeansProjects/Programming%20Gaming%20Novices%202B%20v2/src/Game.java</file>
            <file>file://Fisd-student1/hs/HHS/153732/Documents/NetBeansProjects/Programming%20Gaming%20Novices%202B%20v2/src/Display.java</file>
            <file>file://Fisd-student1/hs/HHS/153732/Documents/NetBeansProjects/Programming%20Gaming%20Novices%202B%20v2/src/Player.java</file>
            <file>file://Fisd-student1/hs/HHS/153732/Documents/NetBeansProjects/Programming%20Gaming%20Novices%202B%20v2/src/Utilities.java</file>
            <file>file://Fisd-student1/hs/HHS/153732/Documents/NetBeansProjects/Programming%20Gaming%20Novices%202B%20v2/Resources/Stages/Prithvi%20Valley.lvl</file>
            <file>file://Fisd-student1/hs/HHS/153732/Documents/NetBeansProjects/Programming%20Gaming%20Novices%202B%20v2/src/MenuState.java</file>
            <file>file://Fisd-student1/hs/HHS/153732/Documents/NetBeansProjects/Programming%20Gaming%20Novices%202B%20v2/Resources/Stages/Stage5.lvl</file>
            <file>file://Fisd-student1/hs/HHS/153732/Documents/NetBeansProjects/Programming%20Gaming%20Novices%202B%20v2/src/TileGrass.java</file>
            <file>file://Fisd-student1/hs/HHS/153732/Documents/NetBeansProjects/Programming%20Gaming%20Novices%202B%20v2/Resources/Textures/Items.png</file>
            <file>file://Fisd-student1/hs/HHS/153732/Documents/NetBeansProjects/Programming%20Gaming%20Novices%202B%20v2/Resources/Stages/Greater%20Prithvi.lvl</file>
            <file>file://Fisd-student1/hs/HHS/153732/Documents/NetBeansProjects/Programming%20Gaming%20Novices%202B%20v2/src/UIImageButton.java</file>
            <file>file://Fisd-student1/hs/HHS/153732/Documents/NetBeansProjects/Programming%20Gaming%20Novices%202B%20v2/src/FontLoader.java</file>
            <file>file://Fisd-student1/hs/HHS/153732/Documents/NetBeansProjects/Programming%20Gaming%20Novices%202B%20v2/src/AntBoss.java</file>
            <file>file://Fisd-student1/hs/HHS/153732/Documents/NetBeansProjects/Programming%20Gaming%20Novices%202B%20v2/Resources/Hi-Score.txt</file>
            <file>file://Fisd-student1/hs/HHS/153732/Documents/NetBeansProjects/Programming%20Gaming%20Novices%202B%20v2/src/TileGrassTall.java</file>
            <file>file://Fisd-student1/hs/HHS/153732/Documents/NetBeansProjects/Programming%20Gaming%20Novices%202B%20v2/src/Camera.java</file>
            <file>file://Fisd-student1/hs/HHS/153732/Documents/NetBeansProjects/Programming%20Gaming%20Novices%202B%20v2/Resources/Stages/Minour%20Prithvi.lvl</file>
            <file>file://Fisd-student1/hs/HHS/153732/Documents/NetBeansProjects/Programming%20Gaming%20Novices%202B%20v2/src/Ant.java</file>
            <file>file://Fisd-student1/hs/HHS/153732/Documents/NetBeansProjects/Programming%20Gaming%20Novices%202B%20v2/src/Tile.java</file>
            <file>file://Fisd-student1/hs/HHS/153732/Documents/NetBeansProjects/Programming%20Gaming%20Novices%202B%20v2/Resources/Textures/Inventory%201.png</file>
            <file>file://Fisd-student1/hs/HHS/153732/Documents/NetBeansProjects/Programming%20Gaming%20Novices%202B%20v2/Resources/Textures/Info%201.png</file>
            <file>file://Fisd-student1/hs/HHS/153732/Documents/NetBeansProjects/Programming%20Gaming%20Novices%202B%20v2/src/RockTile.java</file>
            <file>file://Fisd-student1/hs/HHS/153732/Documents/NetBeansProjects/Programming%20Gaming%20Novices%202B%20v2/Resources/Textures/Minish%20Cap%20Field%20Sprites.png</file>
            <file>file://Fisd-student1/hs/HHS/153732/Documents/NetBeansProjects/Programming%20Gaming%20Novices%202B%20v2/Resources/Textures/Info%202.png</file>
            <file>file://Fisd-student1/hs/HHS/153732/Documents/NetBeansProjects/Programming%20Gaming%20Novices%202B%20v2/src/TileDirt.java</file>
            <file>file://Fisd-student1/hs/HHS/153732/Documents/NetBeansProjects/Programming%20Gaming%20Novices%202B%20v2/src/item.java</file>
            <file>file://Fisd-student1/hs/HHS/153732/Documents/NetBeansProjects/Programming%20Gaming%20Novices%202B%20v2/Resources/Stages/Betsle%20Field.lvl</file>
            <file>file://Fisd-student1/hs/HHS/153732/Documents/NetBeansProjects/Programming%20Gaming%20Novices%202B%20v2/src/Handler.java</file>
            <file>file://Fisd-student1/hs/HHS/153732/Documents/NetBeansProjects/Programming%20Gaming%20Novices%202B%20v2/src/Bee.java</file>
        </group>
    </open-files>
</project-private>
