<?xml version="1.0" encoding="UTF-8"?>
<project-private xmlns="http://www.netbeans.org/ns/project-private/1">
    <editor-bookmarks xmlns="http://www.netbeans.org/ns/editor-bookmarks/2" lastBookmarkId="0"/>
    <open-files xmlns="http://www.netbeans.org/ns/projectui-open-files/2">
        <group>
            <file>file:/C:/Users/153732/Desktop/NetBeansProjects/GridWorld/src/MultiBugRunner.java</file>
            <file>file:/C:/Users/153732/Desktop/NetBeansProjects/GridWorld/src/JumperRunner.java</file>
            <file>file:/C:/Users/153732/Desktop/NetBeansProjects/GridWorld/src/BugRunner.java</file>
            <file>file:/C:/Users/153732/Desktop/NetBeansProjects/GridWorld/src/JumperBug.java</file>
            <file>file:/C:/Users/153732/Desktop/NetBeansProjects/GridWorld/src/CritterRunner.java</file>
            <file>file:/C:/Users/153732/Desktop/NetBeansProjects/GridWorld/src/RockHound.java</file>
            <file>file:/C:/Users/153732/Desktop/NetBeansProjects/GridWorld/src/QuickCrab.java</file>
            <file>file:/C:/Users/153732/Desktop/NetBeansProjects/GridWorld/src/KingCrab.java</file>
            <file>file:/C:/Users/153732/Desktop/NetBeansProjects/GridWorld/src/BoxBug.java</file>
            <file>file:/C:/Users/153732/Desktop/NetBeansProjects/GridWorld/src/CircleBug.java</file>
            <file>file:/C:/Users/153732/Desktop/NetBeansProjects/GridWorld/src/PolyBug.java</file>
            <file>file:/C:/Users/153732/Desktop/NetBeansProjects/GridWorld/src/ChameleonKid.java</file>
            <file>file:/C:/Users/153732/Desktop/NetBeansProjects/GridWorld/build.xml</file>
            <file>file:/C:/Users/153732/Desktop/NetBeansProjects/GridWorld/src/DancingBug.java</file>
            <file>file:/C:/Users/153732/Desktop/NetBeansProjects/GridWorld/src/ChameleonCritter.java</file>
            <file>file:/C:/Users/153732/Desktop/NetBeansProjects/GridWorld/src/CrabCritter.java</file>
            <file>file:/C:/Users/153732/Desktop/NetBeansProjects/GridWorld/src/ZBug.java</file>
            <file>file:/C:/Users/153732/Desktop/NetBeansProjects/GridWorld/src/BlusterCritter.java</file>
            <file>file:/C:/Users/153732/Desktop/NetBeansProjects/GridWorld/src/SpiralBug.java</file>
        </group>
    </open-files>
</project-private>
