<?xml version="1.0" encoding="UTF-8"?>
<project version="4">
  <component name="ChangeListManager">
    <list default="true" id="d0323e94-73ae-453c-861c-d1104bd2e294" name="Default" comment="" />
    <ignored path="$PROJECT_DIR$/out/" />
    <option name="EXCLUDED_CONVERTED_TO_IGNORED" value="true" />
    <option name="TRACKING_ENABLED" value="true" />
    <option name="SHOW_DIALOG" value="false" />
    <option name="HIGHLIGHT_CONFLICTS" value="true" />
    <option name="HIGHLIGHT_NON_ACTIVE_CHANGELIST" value="false" />
    <option name="LAST_RESOLUTION" value="IGNORE" />
  </component>
  <component name="FileEditorManager">
    <leaf SIDE_TABS_SIZE_LIMIT_KEY="300">
      <file leaf-file-name="Command.java" pinned="false" current-in-tab="false">
        <entry file="file://$PROJECT_DIR$/src/Command.java">
          <provider selected="true" editor-type-id="text-editor">
            <state relative-caret-position="575">
              <caret line="62" column="37" selection-start-line="62" selection-start-column="37" selection-end-line="62" selection-end-column="37" />
              <folding>
                <element signature="e#1521#1522#0" expanded="true" />
                <element signature="e#1555#1556#0" expanded="true" />
                <element signature="e#1709#1710#0" expanded="true" />
                <element signature="e#1742#1743#0" expanded="true" />
                <element signature="e#1852#1853#0" expanded="true" />
                <element signature="e#1896#1897#0" expanded="true" />
                <element signature="e#2008#2009#0" expanded="true" />
                <element signature="e#2051#2052#0" expanded="true" />
              </folding>
            </state>
          </provider>
        </entry>
      </file>
      <file leaf-file-name="CommandWords.java" pinned="false" current-in-tab="false">
        <entry file="file://$PROJECT_DIR$/src/CommandWords.java">
          <provider selected="true" editor-type-id="text-editor">
            <state>
              <caret line="45" column="13" lean-forward="true" selection-start-line="45" selection-start-column="13" selection-end-line="45" selection-end-column="13" />
              <folding>
                <element signature="imports" expanded="true" />
              </folding>
            </state>
          </provider>
        </entry>
      </file>
      <file leaf-file-name="CommandWord.java" pinned="false" current-in-tab="false">
        <entry file="file://$PROJECT_DIR$/src/CommandWord.java">
          <provider selected="true" editor-type-id="text-editor">
            <state relative-caret-position="238">
              <caret line="14" column="73" selection-start-line="14" selection-start-column="73" selection-end-line="14" selection-end-column="73" />
            </state>
          </provider>
        </entry>
      </file>
      <file leaf-file-name="Game.java" pinned="false" current-in-tab="true">
        <entry file="file://$PROJECT_DIR$/src/Game.java">
          <provider selected="true" editor-type-id="text-editor">
            <state relative-caret-position="-2349">
              <caret line="369" column="43" selection-start-line="369" selection-start-column="43" selection-end-line="369" selection-end-column="43" />
              <folding>
                <element signature="imports" expanded="true" />
                <element signature="e#24277#24278#0" expanded="true" />
                <element signature="e#24351#24352#0" expanded="true" />
                <element signature="e#34266#34267#0" expanded="true" />
                <element signature="e#34293#34294#0" expanded="true" />
              </folding>
            </state>
          </provider>
        </entry>
      </file>
      <file leaf-file-name="Catalog.java" pinned="false" current-in-tab="false">
        <entry file="file://$PROJECT_DIR$/src/Catalog.java">
          <provider selected="true" editor-type-id="text-editor">
            <state relative-caret-position="248">
              <caret line="34" column="67" lean-forward="true" selection-start-line="34" selection-start-column="67" selection-end-line="34" selection-end-column="67" />
              <folding>
                <element signature="imports" expanded="true" />
                <element signature="e#841#842#0" expanded="true" />
                <element signature="e#891#892#0" expanded="true" />
                <element signature="e#1140#1141#0" expanded="true" />
                <element signature="e#1172#1173#0" expanded="true" />
                <element signature="e#1240#1241#0" expanded="true" />
                <element signature="e#1282#1283#0" expanded="true" />
                <element signature="e#1336#1337#0" expanded="true" />
                <element signature="e#1374#1375#0" expanded="true" />
                <element signature="e#1425#1426#0" expanded="true" />
                <element signature="e#1467#1468#0" expanded="true" />
                <element signature="e#1765#1766#0" expanded="true" />
                <element signature="e#1813#1814#0" expanded="true" />
                <element signature="e#1862#1863#0" expanded="true" />
                <element signature="e#1905#1906#0" expanded="true" />
              </folding>
            </state>
          </provider>
        </entry>
      </file>
      <file leaf-file-name="Item.java" pinned="false" current-in-tab="false">
        <entry file="file://$PROJECT_DIR$/src/Item.java">
          <provider selected="true" editor-type-id="text-editor">
            <state relative-caret-position="425">
              <caret line="33" column="24" selection-start-line="33" selection-start-column="24" selection-end-line="33" selection-end-column="24" />
              <folding>
                <element signature="e#495#496#0" expanded="true" />
                <element signature="e#532#533#0" expanded="true" />
                <element signature="e#582#583#0" expanded="true" />
                <element signature="e#615#616#0" expanded="true" />
                <element signature="e#654#655#0" expanded="true" />
                <element signature="e#685#686#0" expanded="true" />
              </folding>
            </state>
          </provider>
        </entry>
      </file>
      <file leaf-file-name="Room.java" pinned="false" current-in-tab="false">
        <entry file="file://$PROJECT_DIR$/src/Room.java">
          <provider selected="true" editor-type-id="text-editor">
            <state relative-caret-position="270">
              <caret line="45" column="23" selection-start-line="45" selection-start-column="23" selection-end-line="45" selection-end-column="23" />
              <folding>
                <element signature="imports" expanded="true" />
                <element signature="e#1657#1658#0" expanded="true" />
                <element signature="e#1686#1687#0" expanded="true" />
                <element signature="e#1731#1732#0" expanded="true" />
                <element signature="e#1767#1768#0" expanded="true" />
                <element signature="e#1635#1636#0" expanded="true" />
                <element signature="e#1679#1680#0" expanded="true" />
                <element signature="e#1732#1733#0" expanded="true" />
                <element signature="e#1773#1774#0" expanded="true" />
                <element signature="e#1825#1826#0" expanded="true" />
                <element signature="e#1869#1870#0" expanded="true" />
                <element signature="e#1904#1905#0" expanded="true" />
                <element signature="e#1935#1936#0" expanded="true" />
                <element signature="e#1983#1984#0" expanded="true" />
                <element signature="e#2023#2024#0" expanded="true" />
                <element signature="e#4101#4102#0" expanded="true" />
                <element signature="e#4131#4132#0" expanded="true" />
                <element signature="e#4178#4179#0" expanded="true" />
                <element signature="e#4216#4217#0" expanded="true" />
                <element signature="e#4123#4124#0" expanded="true" />
                <element signature="e#4165#4166#0" expanded="true" />
                <element signature="e#4401#4402#0" expanded="true" />
                <element signature="e#4443#4444#0" expanded="true" />
                <element signature="e#4192#4193#0" expanded="true" />
                <element signature="e#4237#4238#0" expanded="true" />
                <element signature="e#4035#4036#0" expanded="true" />
                <element signature="e#4108#4109#0" expanded="true" />
                <element signature="e#3903#3904#0" expanded="true" />
                <element signature="e#3937#3938#0" expanded="true" />
              </folding>
            </state>
          </provider>
        </entry>
      </file>
      <file leaf-file-name="Inventory.java" pinned="false" current-in-tab="false">
        <entry file="file://$PROJECT_DIR$/src/Inventory.java">
          <provider selected="true" editor-type-id="text-editor">
            <state relative-caret-position="462">
              <caret line="141" column="5" selection-start-line="141" selection-start-column="5" selection-end-line="141" selection-end-column="5" />
            </state>
          </provider>
        </entry>
      </file>
      <file leaf-file-name="Character.java" pinned="false" current-in-tab="false">
        <entry file="file://$PROJECT_DIR$/src/Character.java">
          <provider selected="true" editor-type-id="text-editor">
            <state relative-caret-position="318">
              <caret line="28" column="36" lean-forward="true" selection-start-line="28" selection-start-column="36" selection-end-line="28" selection-end-column="36" />
              <folding>
                <element signature="e#456#457#0" expanded="true" />
                <element signature="e#483#484#0" expanded="true" />
                <element signature="e#688#689#0" expanded="true" />
                <element signature="e#743#744#0" expanded="true" />
                <element signature="e#789#790#0" expanded="true" />
                <element signature="e#808#809#0" expanded="true" />
                <element signature="e#840#841#0" expanded="true" />
                <element signature="e#1438#1439#0" expanded="true" />
                <element signature="e#1481#1482#0" expanded="true" />
                <element signature="e#1262#1263#0" expanded="true" />
                <element signature="e#1316#1317#0" expanded="true" />
                <element signature="e#1375#1376#0" expanded="true" />
                <element signature="e#1425#1426#0" expanded="true" />
                <element signature="e#1474#1475#0" expanded="true" />
                <element signature="e#1490#1491#0" expanded="true" />
                <element signature="e#1567#1568#0" expanded="true" />
                <element signature="e#1613#1614#0" expanded="true" />
                <element signature="e#1650#1651#0" expanded="true" />
                <element signature="e#1681#1682#0" expanded="true" />
              </folding>
            </state>
          </provider>
        </entry>
      </file>
      <file leaf-file-name="Player.java" pinned="false" current-in-tab="false">
        <entry file="file://$PROJECT_DIR$/src/Player.java">
          <provider selected="true" editor-type-id="text-editor">
            <state relative-caret-position="479">
              <caret line="36" column="32" selection-start-line="36" selection-start-column="32" selection-end-line="36" selection-end-column="32" />
              <folding>
                <element signature="e#260#261#0" expanded="true" />
                <element signature="e#306#307#0" expanded="true" />
                <element signature="e#404#405#0" expanded="true" />
                <element signature="e#434#435#0" expanded="true" />
                <element signature="e#481#482#0" expanded="true" />
                <element signature="e#519#520#0" expanded="true" />
              </folding>
            </state>
          </provider>
        </entry>
      </file>
    </leaf>
  </component>
  <component name="FileTemplateManagerImpl">
    <option name="RECENT_TEMPLATES">
      <list>
        <option value="Enum" />
        <option value="Class" />
      </list>
    </option>
  </component>
  <component name="FindInProjectRecents">
    <findStrings>
      <find>look</find>
      <find>welcome</find>
      <find>go</find>
      <find>goRoom</find>
      <find>inspect</find>
      <find>currentRoom</find>
      <find>quit</find>
    </findStrings>
  </component>
  <component name="IdeDocumentHistory">
    <option name="CHANGED_PATHS">
      <list>
        <option value="$PROJECT_DIR$/src/Parser.java" />
        <option value="$PROJECT_DIR$/src/Tester.java" />
        <option value="$PROJECT_DIR$/src/Command.java" />
        <option value="$PROJECT_DIR$/src/Item.java" />
        <option value="$PROJECT_DIR$/src/Inventory.java" />
        <option value="$PROJECT_DIR$/src/CommandWord.java" />
        <option value="$PROJECT_DIR$/src/CommandWords.java" />
        <option value="$PROJECT_DIR$/src/Room.java" />
        <option value="$PROJECT_DIR$/src/Catalog.java" />
        <option value="$PROJECT_DIR$/src/Player.java" />
        <option value="$PROJECT_DIR$/src/Character.java" />
        <option value="$PROJECT_DIR$/src/Game.java" />
      </list>
    </option>
  </component>
  <component name="ProjectFrameBounds" extendedState="6">
    <option name="x" value="-8" />
    <option name="y" value="-8" />
    <option name="width" value="742" />
    <option name="height" value="735" />
  </component>
  <component name="ProjectView">
    <navigator proportions="" version="1">
      <foldersAlwaysOnTop value="true" />
    </navigator>
    <panes>
      <pane id="AndroidView" />
      <pane id="ProjectPane">
        <subPane>
          <expand>
            <path>
              <item name="Zuul" type="b2602c69:ProjectViewProjectNode" />
              <item name="Zuul" type="462c0819:PsiDirectoryNode" />
            </path>
            <path>
              <item name="Zuul" type="b2602c69:ProjectViewProjectNode" />
              <item name="Zuul" type="462c0819:PsiDirectoryNode" />
              <item name="src" type="462c0819:PsiDirectoryNode" />
            </path>
          </expand>
          <select />
        </subPane>
      </pane>
      <pane id="Scope" />
      <pane id="PackagesPane" />
    </panes>
  </component>
  <component name="RunDashboard">
    <option name="ruleStates">
      <list>
        <RuleState>
          <option name="name" value="ConfigurationTypeDashboardGroupingRule" />
        </RuleState>
        <RuleState>
          <option name="name" value="StatusDashboardGroupingRule" />
        </RuleState>
      </list>
    </option>
  </component>
  <component name="RunManager">
    <configuration name="Tester" type="Application" factoryName="Application" temporary="true" nameIsGenerated="true">
      <option name="MAIN_CLASS_NAME" value="Tester" />
      <module name="Zuul" />
      <option name="WORKING_DIRECTORY" value="$PROJECT_DIR$" />
    </configuration>
    <configuration default="true" type="Application" factoryName="Application">
      <option name="WORKING_DIRECTORY" value="$PROJECT_DIR$" />
    </configuration>
    <configuration default="true" type="JUnit" factoryName="JUnit">
      <option name="ALTERNATIVE_JRE_PATH_ENABLED" value="false" />
      <option name="ALTERNATIVE_JRE_PATH" />
      <option name="PACKAGE_NAME" />
      <option name="MAIN_CLASS_NAME" />
      <option name="METHOD_NAME" />
      <option name="TEST_OBJECT" value="class" />
      <option name="VM_PARAMETERS" value="-ea" />
      <option name="PARAMETERS" />
      <option name="WORKING_DIRECTORY" value="%MODULE_WORKING_DIR%" />
      <option name="PASS_PARENT_ENVS" value="true" />
      <option name="TEST_SEARCH_SCOPE">
        <value defaultName="singleModule" />
      </option>
      <patterns />
    </configuration>
    <configuration default="true" type="TestNG" factoryName="TestNG">
      <option name="ALTERNATIVE_JRE_PATH_ENABLED" value="false" />
      <option name="ALTERNATIVE_JRE_PATH" />
      <option name="SUITE_NAME" />
      <option name="PACKAGE_NAME" />
      <option name="MAIN_CLASS_NAME" />
      <option name="METHOD_NAME" />
      <option name="GROUP_NAME" />
      <option name="TEST_OBJECT" value="CLASS" />
      <option name="VM_PARAMETERS" value="-ea" />
      <option name="PARAMETERS" />
      <option name="WORKING_DIRECTORY" value="%MODULE_WORKING_DIR%" />
      <option name="OUTPUT_DIRECTORY" />
      <option name="PASS_PARENT_ENVS" value="true" />
      <option name="TEST_SEARCH_SCOPE">
        <value defaultName="singleModule" />
      </option>
      <option name="USE_DEFAULT_REPORTERS" value="false" />
      <option name="PROPERTIES_FILE" />
      <properties />
      <listeners />
    </configuration>
    <recent_temporary>
      <list>
        <item itemvalue="Application.Tester" />
      </list>
    </recent_temporary>
  </component>
  <component name="SvnConfiguration">
    <configuration />
  </component>
  <component name="TaskManager">
    <task active="true" id="Default" summary="Default task">
      <changelist id="d0323e94-73ae-453c-861c-d1104bd2e294" name="Default" comment="" />
      <created>1539819027735</created>
      <option name="number" value="Default" />
      <option name="presentableId" value="Default" />
      <updated>1539819027735</updated>
    </task>
    <servers />
  </component>
  <component name="ToolWindowManager">
    <frame x="-8" y="-8" width="1382" height="744" extended-state="6" />
    <editor active="true" />
    <layout>
      <window_info anchor="right" id="Palette" order="4" />
      <window_info anchor="bottom" id="TODO" order="10" />
      <window_info anchor="bottom" id="Messages" order="3" sideWeight="0.49926794" weight="0.3290938" />
      <window_info anchor="right" id="Palette&#9;" order="1" />
      <window_info id="Image Layers" order="5" />
      <window_info anchor="right" id="Capture Analysis" order="0" />
      <window_info anchor="bottom" id="Event Log" order="1" sideWeight="0.50073206" side_tool="true" weight="0.7408585" />
      <window_info anchor="right" id="Maven Projects" order="3" />
      <window_info anchor="bottom" id="Version Control" order="2" show_stripe_button="false" />
      <window_info anchor="bottom" id="Run" order="6" sideWeight="0.49926794" weight="0.71224165" />
      <window_info anchor="bottom" id="Terminal" order="0" />
      <window_info id="Capture Tool" order="3" />
      <window_info id="Designer" order="0" />
      <window_info active="true" content_ui="combo" id="Project" order="6" visible="true" weight="0.12371889" />
      <window_info anchor="bottom" id="Find" order="5" weight="0.3290938" />
      <window_info id="Learn" order="2" />
      <window_info id="Structure" order="7" side_tool="true" weight="0.25" />
      <window_info anchor="right" id="Ant Build" order="6" weight="0.25" />
      <window_info id="UI Designer" order="1" />
      <window_info anchor="right" id="Theme Preview" order="2" />
      <window_info id="Favorites" order="4" side_tool="true" />
      <window_info anchor="bottom" id="Debug" order="7" weight="0.4" />
      <window_info anchor="right" content_ui="combo" id="Hierarchy" order="7" weight="0.25" />
      <window_info anchor="bottom" id="Inspection" order="9" weight="0.4" />
      <window_info anchor="right" id="Commander" internal_type="SLIDING" order="5" type="SLIDING" weight="0.4" />
      <window_info anchor="bottom" id="Message" order="4" />
      <window_info anchor="bottom" id="Cvs" order="8" weight="0.25" />
    </layout>
  </component>
  <component name="VcsContentAnnotationSettings">
    <option name="myLimit" value="2678400000" />
  </component>
  <component name="editorHistoryManager">
    <entry file="file://$PROJECT_DIR$/src/Command.java">
      <provider selected="true" editor-type-id="text-editor">
        <state relative-caret-position="918">
          <caret line="62" column="37" selection-start-line="62" selection-start-column="37" selection-end-line="62" selection-end-column="37" />
          <folding>
            <element signature="e#1521#1522#0" expanded="true" />
            <element signature="e#1555#1556#0" expanded="true" />
            <element signature="e#1709#1710#0" expanded="true" />
            <element signature="e#1742#1743#0" expanded="true" />
            <element signature="e#1852#1853#0" expanded="true" />
            <element signature="e#1896#1897#0" expanded="true" />
            <element signature="e#2008#2009#0" expanded="true" />
            <element signature="e#2051#2052#0" expanded="true" />
          </folding>
        </state>
      </provider>
    </entry>
    <entry file="file://$PROJECT_DIR$/src/CommandWords.java">
      <provider selected="true" editor-type-id="text-editor">
        <state relative-caret-position="629">
          <caret line="37" column="58" selection-start-line="37" selection-start-column="58" selection-end-line="37" selection-end-column="58" />
          <folding>
            <element signature="imports" expanded="true" />
          </folding>
        </state>
      </provider>
    </entry>
    <entry file="file://$PROJECT_DIR$/src/CommandWord.java">
      <provider selected="true" editor-type-id="text-editor">
        <state relative-caret-position="238">
          <caret line="14" column="68" selection-start-line="14" selection-start-column="68" selection-end-line="14" selection-end-column="68" />
        </state>
      </provider>
    </entry>
    <entry file="file://$PROJECT_DIR$/src/Game.java">
      <provider selected="true" editor-type-id="text-editor">
        <state relative-caret-position="7616">
          <caret line="448" column="68" lean-forward="true" selection-start-line="448" selection-start-column="68" selection-end-line="448" selection-end-column="68" />
          <folding>
            <element signature="imports" expanded="true" />
            <element signature="e#24277#24278#0" expanded="true" />
            <element signature="e#24351#24352#0" expanded="true" />
            <element signature="e#34266#34267#0" expanded="true" />
            <element signature="e#34293#34294#0" expanded="true" />
          </folding>
        </state>
      </provider>
    </entry>
    <entry file="file://$PROJECT_DIR$/src/Item.java">
      <provider selected="true" editor-type-id="text-editor">
        <state relative-caret-position="561">
          <caret line="33" column="24" selection-start-line="33" selection-start-column="24" selection-end-line="33" selection-end-column="24" />
          <folding>
            <element signature="e#495#496#0" expanded="true" />
            <element signature="e#532#533#0" expanded="true" />
            <element signature="e#582#583#0" expanded="true" />
            <element signature="e#615#616#0" expanded="true" />
            <element signature="e#654#655#0" expanded="true" />
            <element signature="e#685#686#0" expanded="true" />
          </folding>
        </state>
      </provider>
    </entry>
    <entry file="file://$PROJECT_DIR$/src/Inventory.java">
      <provider selected="true" editor-type-id="text-editor">
        <state relative-caret-position="2193">
          <caret line="141" column="5" selection-start-line="141" selection-start-column="5" selection-end-line="141" selection-end-column="5" />
        </state>
      </provider>
    </entry>
    <entry file="file://$PROJECT_DIR$/src/Character.java">
      <provider selected="true" editor-type-id="text-editor">
        <state relative-caret-position="459">
          <caret line="37" column="5" lean-forward="true" selection-start-line="37" selection-start-column="5" selection-end-line="37" selection-end-column="5" />
          <folding>
            <element signature="e#456#457#0" expanded="true" />
            <element signature="e#483#484#0" expanded="true" />
            <element signature="e#688#689#0" expanded="true" />
            <element signature="e#743#744#0" expanded="true" />
            <element signature="e#789#790#0" expanded="true" />
            <element signature="e#808#809#0" expanded="true" />
            <element signature="e#840#841#0" expanded="true" />
            <element signature="e#1438#1439#0" expanded="true" />
            <element signature="e#1481#1482#0" expanded="true" />
            <element signature="e#1262#1263#0" expanded="true" />
            <element signature="e#1316#1317#0" expanded="true" />
            <element signature="e#1375#1376#0" expanded="true" />
            <element signature="e#1425#1426#0" expanded="true" />
            <element signature="e#1474#1475#0" expanded="true" />
            <element signature="e#1490#1491#0" expanded="true" />
            <element signature="e#1567#1568#0" expanded="true" />
            <element signature="e#1613#1614#0" expanded="true" />
            <element signature="e#1650#1651#0" expanded="true" />
            <element signature="e#1681#1682#0" expanded="true" />
          </folding>
        </state>
      </provider>
    </entry>
    <entry file="file://$PROJECT_DIR$/src/Player.java">
      <provider selected="true" editor-type-id="text-editor">
        <state relative-caret-position="187">
          <caret line="13" column="50" selection-start-line="13" selection-start-column="50" selection-end-line="13" selection-end-column="50" />
          <folding>
            <element signature="e#260#261#0" expanded="true" />
            <element signature="e#306#307#0" expanded="true" />
            <element signature="e#404#405#0" expanded="true" />
            <element signature="e#434#435#0" expanded="true" />
            <element signature="e#481#482#0" expanded="true" />
            <element signature="e#519#520#0" expanded="true" />
          </folding>
        </state>
      </provider>
    </entry>
    <entry file="file://$PROJECT_DIR$/src/Tester.java">
      <provider selected="true" editor-type-id="text-editor">
        <state relative-caret-position="51">
          <caret line="3" selection-start-line="3" selection-end-line="3" />
        </state>
      </provider>
    </entry>
    <entry file="file://$PROJECT_DIR$/src/Room.java">
      <provider selected="true" editor-type-id="text-editor">
        <state relative-caret-position="765">
          <caret line="53" column="37" selection-start-line="53" selection-start-column="37" selection-end-line="53" selection-end-column="37" />
          <folding>
            <element signature="imports" expanded="true" />
            <element signature="e#1657#1658#0" expanded="true" />
            <element signature="e#1686#1687#0" expanded="true" />
            <element signature="e#1731#1732#0" expanded="true" />
            <element signature="e#1767#1768#0" expanded="true" />
            <element signature="e#1635#1636#0" expanded="true" />
            <element signature="e#1679#1680#0" expanded="true" />
            <element signature="e#1732#1733#0" expanded="true" />
            <element signature="e#1773#1774#0" expanded="true" />
            <element signature="e#1825#1826#0" expanded="true" />
            <element signature="e#1869#1870#0" expanded="true" />
            <element signature="e#1904#1905#0" expanded="true" />
            <element signature="e#1935#1936#0" expanded="true" />
            <element signature="e#1983#1984#0" expanded="true" />
            <element signature="e#2023#2024#0" expanded="true" />
            <element signature="e#4101#4102#0" expanded="true" />
            <element signature="e#4131#4132#0" expanded="true" />
            <element signature="e#4178#4179#0" expanded="true" />
            <element signature="e#4216#4217#0" expanded="true" />
            <element signature="e#4123#4124#0" expanded="true" />
            <element signature="e#4165#4166#0" expanded="true" />
            <element signature="e#4401#4402#0" expanded="true" />
            <element signature="e#4443#4444#0" expanded="true" />
            <element signature="e#4192#4193#0" expanded="true" />
            <element signature="e#4237#4238#0" expanded="true" />
            <element signature="e#4035#4036#0" expanded="true" />
            <element signature="e#4108#4109#0" expanded="true" />
            <element signature="e#3903#3904#0" expanded="true" />
            <element signature="e#3937#3938#0" expanded="true" />
          </folding>
        </state>
      </provider>
    </entry>
    <entry file="file://$PROJECT_DIR$/src/Command.java">
      <provider selected="true" editor-type-id="text-editor">
        <state relative-caret-position="918">
          <caret line="62" column="37" selection-start-line="62" selection-start-column="37" selection-end-line="62" selection-end-column="37" />
          <folding>
            <element signature="e#1521#1522#0" expanded="true" />
            <element signature="e#1555#1556#0" expanded="true" />
            <element signature="e#1709#1710#0" expanded="true" />
            <element signature="e#1742#1743#0" expanded="true" />
            <element signature="e#1852#1853#0" expanded="true" />
            <element signature="e#1896#1897#0" expanded="true" />
            <element signature="e#2008#2009#0" expanded="true" />
            <element signature="e#2051#2052#0" expanded="true" />
          </folding>
        </state>
      </provider>
    </entry>
    <entry file="file://$PROJECT_DIR$/src/CommandWords.java">
      <provider selected="true" editor-type-id="text-editor">
        <state relative-caret-position="629">
          <caret line="37" column="58" selection-start-line="37" selection-start-column="58" selection-end-line="37" selection-end-column="58" />
          <folding>
            <element signature="imports" expanded="true" />
          </folding>
        </state>
      </provider>
    </entry>
    <entry file="file://$PROJECT_DIR$/src/CommandWord.java">
      <provider selected="true" editor-type-id="text-editor">
        <state relative-caret-position="238">
          <caret line="14" column="68" selection-start-line="14" selection-start-column="68" selection-end-line="14" selection-end-column="68" />
        </state>
      </provider>
    </entry>
    <entry file="file://$PROJECT_DIR$/src/Item.java">
      <provider selected="true" editor-type-id="text-editor">
        <state relative-caret-position="425">
          <caret line="33" column="24" selection-start-line="33" selection-start-column="24" selection-end-line="33" selection-end-column="24" />
          <folding>
            <element signature="e#495#496#0" expanded="true" />
            <element signature="e#532#533#0" expanded="true" />
            <element signature="e#582#583#0" expanded="true" />
            <element signature="e#615#616#0" expanded="true" />
            <element signature="e#654#655#0" expanded="true" />
            <element signature="e#685#686#0" expanded="true" />
          </folding>
        </state>
      </provider>
    </entry>
    <entry file="file://$PROJECT_DIR$/src/Parser.java">
      <provider selected="true" editor-type-id="text-editor">
        <state relative-caret-position="102">
          <caret line="7" column="53" selection-start-line="7" selection-start-column="53" selection-end-line="7" selection-end-column="53" />
          <folding>
            <element signature="imports" expanded="true" />
            <element signature="e#2185#2186#0" expanded="true" />
            <element signature="e#2226#2227#0" expanded="true" />
          </folding>
        </state>
      </provider>
    </entry>
    <entry file="file://$PROJECT_DIR$/src/Room.java">
      <provider selected="true" editor-type-id="text-editor">
        <state relative-caret-position="663">
          <caret line="40" column="37" selection-start-line="40" selection-start-column="37" selection-end-line="40" selection-end-column="37" />
          <folding>
            <element signature="imports" expanded="true" />
            <element signature="e#1657#1658#0" expanded="true" />
            <element signature="e#1686#1687#0" expanded="true" />
            <element signature="e#1731#1732#0" expanded="true" />
            <element signature="e#1767#1768#0" expanded="true" />
            <element signature="e#1635#1636#0" expanded="true" />
            <element signature="e#1679#1680#0" expanded="true" />
            <element signature="e#1732#1733#0" expanded="true" />
            <element signature="e#1773#1774#0" expanded="true" />
            <element signature="e#1825#1826#0" expanded="true" />
            <element signature="e#1869#1870#0" expanded="true" />
            <element signature="e#1904#1905#0" expanded="true" />
            <element signature="e#1935#1936#0" expanded="true" />
            <element signature="e#1983#1984#0" expanded="true" />
            <element signature="e#2023#2024#0" expanded="true" />
            <element signature="e#4101#4102#0" expanded="true" />
            <element signature="e#4131#4132#0" expanded="true" />
            <element signature="e#4178#4179#0" expanded="true" />
            <element signature="e#4216#4217#0" expanded="true" />
            <element signature="e#4123#4124#0" expanded="true" />
            <element signature="e#4165#4166#0" expanded="true" />
            <element signature="e#4401#4402#0" expanded="true" />
            <element signature="e#4443#4444#0" expanded="true" />
            <element signature="e#4192#4193#0" expanded="true" />
            <element signature="e#4237#4238#0" expanded="true" />
            <element signature="e#4035#4036#0" expanded="true" />
            <element signature="e#4108#4109#0" expanded="true" />
            <element signature="e#3903#3904#0" expanded="true" />
            <element signature="e#3937#3938#0" expanded="true" />
          </folding>
        </state>
      </provider>
    </entry>
    <entry file="file://$PROJECT_DIR$/src/Inventory.java">
      <provider selected="true" editor-type-id="text-editor">
        <state relative-caret-position="272">
          <caret line="16" column="34" lean-forward="true" selection-start-line="16" selection-start-column="34" selection-end-line="16" selection-end-column="34" />
        </state>
      </provider>
    </entry>
    <entry file="file://$PROJECT_DIR$/src/Player.java">
      <provider selected="true" editor-type-id="text-editor">
        <state relative-caret-position="187">
          <caret line="13" column="50" lean-forward="true" selection-start-line="13" selection-start-column="50" selection-end-line="13" selection-end-column="50" />
          <folding>
            <element signature="e#260#261#0" expanded="true" />
            <element signature="e#306#307#0" expanded="true" />
            <element signature="e#404#405#0" expanded="true" />
            <element signature="e#434#435#0" expanded="true" />
            <element signature="e#481#482#0" expanded="true" />
            <element signature="e#519#520#0" expanded="true" />
          </folding>
        </state>
      </provider>
    </entry>
    <entry file="file://$PROJECT_DIR$/src/Tester.java">
      <provider selected="true" editor-type-id="text-editor">
        <state relative-caret-position="51">
          <caret line="3" selection-start-line="3" selection-end-line="3" />
        </state>
      </provider>
    </entry>
    <entry file="file://$PROJECT_DIR$/src/Game.java">
      <provider selected="true" editor-type-id="text-editor">
        <state relative-caret-position="731">
          <caret line="43" column="22" selection-start-line="43" selection-start-column="22" selection-end-line="43" selection-end-column="22" />
          <folding>
            <element signature="imports" expanded="true" />
            <element signature="e#24277#24278#0" expanded="true" />
            <element signature="e#24351#24352#0" expanded="true" />
            <element signature="e#34266#34267#0" expanded="true" />
            <element signature="e#34293#34294#0" expanded="true" />
          </folding>
        </state>
      </provider>
    </entry>
    <entry file="file://$PROJECT_DIR$/src/Command.java">
      <provider selected="true" editor-type-id="text-editor">
        <state>
          <caret column="22" lean-forward="true" selection-start-column="22" selection-end-column="22" />
          <folding>
            <element signature="e#1521#1522#0" expanded="true" />
            <element signature="e#1555#1556#0" expanded="true" />
            <element signature="e#1709#1710#0" expanded="true" />
            <element signature="e#1742#1743#0" expanded="true" />
            <element signature="e#1852#1853#0" expanded="true" />
            <element signature="e#1896#1897#0" expanded="true" />
            <element signature="e#2008#2009#0" expanded="true" />
            <element signature="e#2051#2052#0" expanded="true" />
          </folding>
        </state>
      </provider>
    </entry>
    <entry file="file://$PROJECT_DIR$/src/CommandWords.java">
      <provider selected="true" editor-type-id="text-editor">
        <state relative-caret-position="255">
          <caret line="15" column="55" selection-start-line="15" selection-start-column="55" selection-end-line="15" selection-end-column="55" />
          <folding>
            <element signature="imports" expanded="true" />
          </folding>
        </state>
      </provider>
    </entry>
    <entry file="file://$PROJECT_DIR$/src/Game.java">
      <provider selected="true" editor-type-id="text-editor">
        <state relative-caret-position="1972">
          <caret line="116" column="65" selection-start-line="116" selection-start-column="65" selection-end-line="116" selection-end-column="65" />
          <folding>
            <element signature="imports" expanded="true" />
            <element signature="e#24277#24278#0" expanded="true" />
            <element signature="e#24351#24352#0" expanded="true" />
            <element signature="e#34266#34267#0" expanded="true" />
            <element signature="e#34293#34294#0" expanded="true" />
          </folding>
        </state>
      </provider>
    </entry>
    <entry file="file://$PROJECT_DIR$/src/Item.java">
      <provider selected="true" editor-type-id="text-editor">
        <state relative-caret-position="289">
          <caret line="17" column="38" lean-forward="true" selection-start-line="17" selection-start-column="38" selection-end-line="17" selection-end-column="38" />
          <folding>
            <element signature="e#495#496#0" expanded="true" />
            <element signature="e#532#533#0" expanded="true" />
            <element signature="e#582#583#0" expanded="true" />
            <element signature="e#615#616#0" expanded="true" />
            <element signature="e#654#655#0" expanded="true" />
            <element signature="e#685#686#0" expanded="true" />
          </folding>
        </state>
      </provider>
    </entry>
    <entry file="file://$PROJECT_DIR$/src/Parser.java">
      <provider selected="true" editor-type-id="text-editor">
        <state relative-caret-position="119">
          <caret line="7" column="53" selection-start-line="7" selection-start-column="53" selection-end-line="7" selection-end-column="53" />
          <folding>
            <element signature="imports" expanded="true" />
            <element signature="e#2185#2186#0" expanded="true" />
            <element signature="e#2226#2227#0" expanded="true" />
          </folding>
        </state>
      </provider>
    </entry>
    <entry file="file://$PROJECT_DIR$/src/Room.java">
      <provider selected="true" editor-type-id="text-editor">
        <state relative-caret-position="1020">
          <caret line="60" column="19" selection-start-line="60" selection-start-column="19" selection-end-line="60" selection-end-column="19" />
          <folding>
            <element signature="imports" expanded="true" />
            <element signature="e#1657#1658#0" expanded="true" />
            <element signature="e#1686#1687#0" expanded="true" />
            <element signature="e#1731#1732#0" expanded="true" />
            <element signature="e#1767#1768#0" expanded="true" />
            <element signature="e#1635#1636#0" expanded="true" />
            <element signature="e#1679#1680#0" expanded="true" />
            <element signature="e#1732#1733#0" expanded="true" />
            <element signature="e#1773#1774#0" expanded="true" />
            <element signature="e#1825#1826#0" expanded="true" />
            <element signature="e#1869#1870#0" expanded="true" />
            <element signature="e#1904#1905#0" expanded="true" />
            <element signature="e#1935#1936#0" expanded="true" />
            <element signature="e#1983#1984#0" expanded="true" />
            <element signature="e#2023#2024#0" expanded="true" />
            <element signature="e#4101#4102#0" expanded="true" />
            <element signature="e#4131#4132#0" expanded="true" />
            <element signature="e#4178#4179#0" expanded="true" />
            <element signature="e#4216#4217#0" expanded="true" />
            <element signature="e#4123#4124#0" expanded="true" />
            <element signature="e#4165#4166#0" expanded="true" />
            <element signature="e#4401#4402#0" expanded="true" />
            <element signature="e#4443#4444#0" expanded="true" />
            <element signature="e#4192#4193#0" expanded="true" />
            <element signature="e#4237#4238#0" expanded="true" />
            <element signature="e#4035#4036#0" expanded="true" />
            <element signature="e#4108#4109#0" expanded="true" />
            <element signature="e#3903#3904#0" expanded="true" />
            <element signature="e#3937#3938#0" expanded="true" />
          </folding>
        </state>
      </provider>
    </entry>
    <entry file="file://$PROJECT_DIR$/src/Inventory.java">
      <provider selected="true" editor-type-id="text-editor">
        <state relative-caret-position="459">
          <caret line="27" column="9" lean-forward="true" selection-start-line="27" selection-start-column="9" selection-end-line="27" selection-end-column="9" />
        </state>
      </provider>
    </entry>
    <entry file="file://$PROJECT_DIR$/src/Player.java">
      <provider selected="true" editor-type-id="text-editor">
        <state relative-caret-position="187">
          <caret line="11" column="39" selection-start-line="11" selection-start-column="39" selection-end-line="11" selection-end-column="39" />
          <folding>
            <element signature="e#260#261#0" expanded="true" />
            <element signature="e#306#307#0" expanded="true" />
            <element signature="e#404#405#0" expanded="true" />
            <element signature="e#434#435#0" expanded="true" />
            <element signature="e#481#482#0" expanded="true" />
            <element signature="e#519#520#0" expanded="true" />
          </folding>
        </state>
      </provider>
    </entry>
    <entry file="file://$PROJECT_DIR$/src/Tester.java">
      <provider selected="true" editor-type-id="text-editor">
        <state relative-caret-position="85">
          <caret line="5" column="1" selection-start-line="5" selection-start-column="1" selection-end-line="5" selection-end-column="1" />
        </state>
      </provider>
    </entry>
    <entry file="file://$PROJECT_DIR$/src/Parser.java">
      <provider selected="true" editor-type-id="text-editor">
        <state relative-caret-position="102">
          <caret line="7" column="53" selection-start-line="7" selection-start-column="53" selection-end-line="7" selection-end-column="53" />
          <folding>
            <element signature="imports" expanded="true" />
            <element signature="e#2185#2186#0" expanded="true" />
            <element signature="e#2226#2227#0" expanded="true" />
          </folding>
        </state>
      </provider>
    </entry>
    <entry file="file://$PROJECT_DIR$/src/Tester.java">
      <provider selected="true" editor-type-id="text-editor">
        <state relative-caret-position="51">
          <caret line="3" selection-start-line="3" selection-end-line="3" />
        </state>
      </provider>
    </entry>
    <entry file="file://$PROJECT_DIR$/src/Item.java">
      <provider selected="true" editor-type-id="text-editor">
        <state relative-caret-position="425">
          <caret line="33" column="24" selection-start-line="33" selection-start-column="24" selection-end-line="33" selection-end-column="24" />
          <folding>
            <element signature="e#495#496#0" expanded="true" />
            <element signature="e#532#533#0" expanded="true" />
            <element signature="e#582#583#0" expanded="true" />
            <element signature="e#615#616#0" expanded="true" />
            <element signature="e#654#655#0" expanded="true" />
            <element signature="e#685#686#0" expanded="true" />
          </folding>
        </state>
      </provider>
    </entry>
    <entry file="file://$PROJECT_DIR$/src/Inventory.java">
      <provider selected="true" editor-type-id="text-editor">
        <state relative-caret-position="462">
          <caret line="141" column="5" selection-start-line="141" selection-start-column="5" selection-end-line="141" selection-end-column="5" />
        </state>
      </provider>
    </entry>
    <entry file="file://$PROJECT_DIR$/src/CommandWords.java">
      <provider selected="true" editor-type-id="text-editor">
        <state>
          <caret line="45" column="13" lean-forward="true" selection-start-line="45" selection-start-column="13" selection-end-line="45" selection-end-column="13" />
          <folding>
            <element signature="imports" expanded="true" />
          </folding>
        </state>
      </provider>
    </entry>
    <entry file="file://$PROJECT_DIR$/src/Command.java">
      <provider selected="true" editor-type-id="text-editor">
        <state relative-caret-position="575">
          <caret line="62" column="37" selection-start-line="62" selection-start-column="37" selection-end-line="62" selection-end-column="37" />
          <folding>
            <element signature="e#1521#1522#0" expanded="true" />
            <element signature="e#1555#1556#0" expanded="true" />
            <element signature="e#1709#1710#0" expanded="true" />
            <element signature="e#1742#1743#0" expanded="true" />
            <element signature="e#1852#1853#0" expanded="true" />
            <element signature="e#1896#1897#0" expanded="true" />
            <element signature="e#2008#2009#0" expanded="true" />
            <element signature="e#2051#2052#0" expanded="true" />
          </folding>
        </state>
      </provider>
    </entry>
    <entry file="file://$PROJECT_DIR$/src/CommandWord.java">
      <provider selected="true" editor-type-id="text-editor">
        <state relative-caret-position="238">
          <caret line="14" column="73" selection-start-line="14" selection-start-column="73" selection-end-line="14" selection-end-column="73" />
        </state>
      </provider>
    </entry>
    <entry file="file://$PROJECT_DIR$/src/Room.java">
      <provider selected="true" editor-type-id="text-editor">
        <state relative-caret-position="270">
          <caret line="45" column="23" selection-start-line="45" selection-start-column="23" selection-end-line="45" selection-end-column="23" />
          <folding>
            <element signature="imports" expanded="true" />
            <element signature="e#1657#1658#0" expanded="true" />
            <element signature="e#1686#1687#0" expanded="true" />
            <element signature="e#1731#1732#0" expanded="true" />
            <element signature="e#1767#1768#0" expanded="true" />
            <element signature="e#1635#1636#0" expanded="true" />
            <element signature="e#1679#1680#0" expanded="true" />
            <element signature="e#1732#1733#0" expanded="true" />
            <element signature="e#1773#1774#0" expanded="true" />
            <element signature="e#1825#1826#0" expanded="true" />
            <element signature="e#1869#1870#0" expanded="true" />
            <element signature="e#1904#1905#0" expanded="true" />
            <element signature="e#1935#1936#0" expanded="true" />
            <element signature="e#1983#1984#0" expanded="true" />
            <element signature="e#2023#2024#0" expanded="true" />
            <element signature="e#4101#4102#0" expanded="true" />
            <element signature="e#4131#4132#0" expanded="true" />
            <element signature="e#4178#4179#0" expanded="true" />
            <element signature="e#4216#4217#0" expanded="true" />
            <element signature="e#4123#4124#0" expanded="true" />
            <element signature="e#4165#4166#0" expanded="true" />
            <element signature="e#4401#4402#0" expanded="true" />
            <element signature="e#4443#4444#0" expanded="true" />
            <element signature="e#4192#4193#0" expanded="true" />
            <element signature="e#4237#4238#0" expanded="true" />
            <element signature="e#4035#4036#0" expanded="true" />
            <element signature="e#4108#4109#0" expanded="true" />
            <element signature="e#3903#3904#0" expanded="true" />
            <element signature="e#3937#3938#0" expanded="true" />
          </folding>
        </state>
      </provider>
    </entry>
    <entry file="file://$PROJECT_DIR$/src/Catalog.java">
      <provider selected="true" editor-type-id="text-editor">
        <state relative-caret-position="248">
          <caret line="34" column="67" lean-forward="true" selection-start-line="34" selection-start-column="67" selection-end-line="34" selection-end-column="67" />
          <folding>
            <element signature="imports" expanded="true" />
            <element signature="e#841#842#0" expanded="true" />
            <element signature="e#891#892#0" expanded="true" />
            <element signature="e#1140#1141#0" expanded="true" />
            <element signature="e#1172#1173#0" expanded="true" />
            <element signature="e#1240#1241#0" expanded="true" />
            <element signature="e#1282#1283#0" expanded="true" />
            <element signature="e#1336#1337#0" expanded="true" />
            <element signature="e#1374#1375#0" expanded="true" />
            <element signature="e#1425#1426#0" expanded="true" />
            <element signature="e#1467#1468#0" expanded="true" />
            <element signature="e#1765#1766#0" expanded="true" />
            <element signature="e#1813#1814#0" expanded="true" />
            <element signature="e#1862#1863#0" expanded="true" />
            <element signature="e#1905#1906#0" expanded="true" />
          </folding>
        </state>
      </provider>
    </entry>
    <entry file="file://$PROJECT_DIR$/src/Character.java">
      <provider selected="true" editor-type-id="text-editor">
        <state relative-caret-position="318">
          <caret line="28" column="36" lean-forward="true" selection-start-line="28" selection-start-column="36" selection-end-line="28" selection-end-column="36" />
          <folding>
            <element signature="e#456#457#0" expanded="true" />
            <element signature="e#483#484#0" expanded="true" />
            <element signature="e#688#689#0" expanded="true" />
            <element signature="e#743#744#0" expanded="true" />
            <element signature="e#789#790#0" expanded="true" />
            <element signature="e#808#809#0" expanded="true" />
            <element signature="e#840#841#0" expanded="true" />
            <element signature="e#1438#1439#0" expanded="true" />
            <element signature="e#1481#1482#0" expanded="true" />
            <element signature="e#1262#1263#0" expanded="true" />
            <element signature="e#1316#1317#0" expanded="true" />
            <element signature="e#1375#1376#0" expanded="true" />
            <element signature="e#1425#1426#0" expanded="true" />
            <element signature="e#1474#1475#0" expanded="true" />
            <element signature="e#1490#1491#0" expanded="true" />
            <element signature="e#1567#1568#0" expanded="true" />
            <element signature="e#1613#1614#0" expanded="true" />
            <element signature="e#1650#1651#0" expanded="true" />
            <element signature="e#1681#1682#0" expanded="true" />
          </folding>
        </state>
      </provider>
    </entry>
    <entry file="file://$PROJECT_DIR$/src/Player.java">
      <provider selected="true" editor-type-id="text-editor">
        <state relative-caret-position="479">
          <caret line="36" column="32" selection-start-line="36" selection-start-column="32" selection-end-line="36" selection-end-column="32" />
          <folding>
            <element signature="e#260#261#0" expanded="true" />
            <element signature="e#306#307#0" expanded="true" />
            <element signature="e#404#405#0" expanded="true" />
            <element signature="e#434#435#0" expanded="true" />
            <element signature="e#481#482#0" expanded="true" />
            <element signature="e#519#520#0" expanded="true" />
          </folding>
        </state>
      </provider>
    </entry>
    <entry file="file://$PROJECT_DIR$/src/Game.java">
      <provider selected="true" editor-type-id="text-editor">
        <state relative-caret-position="-2349">
          <caret line="369" column="43" selection-start-line="369" selection-start-column="43" selection-end-line="369" selection-end-column="43" />
          <folding>
            <element signature="imports" expanded="true" />
            <element signature="e#24277#24278#0" expanded="true" />
            <element signature="e#24351#24352#0" expanded="true" />
            <element signature="e#34266#34267#0" expanded="true" />
            <element signature="e#34293#34294#0" expanded="true" />
          </folding>
        </state>
      </provider>
    </entry>
  </component>
</project>